{"A": {"a": 0, "b": 0, "c": 0, "d": 0.9, "e": 0, "f": 0, "g": 0, "h": 0.5, "i": 0.09999999999999998, "j": 0}, "B": {"a": 0.09999999999999998, "b": 0, "c": 0, "d": 0.9, "e": 0.5, "f": 0, "g": 0, "h": 0, "i": 0, "j": 0}, "C": {"a": 0, "b": 0.09999999999999998, "c": 0, "d": 0.5, "e": 0.9, "f": 0, "g": 0, "h": 0, "i": 0, "j": 0}}